Team,Opponent,Match_Time,Location,Division
St Albans 2,Upminster 1,15:00,Home,Division 1 South
St Albans 3,Broxbourne 2,16:30,Away,Division 2 South West
St Albans 4,Hertford 2,12:00,Home,Division 2 South West
St Albans 5,Bishops Stortford 5,10:30,Away,Division 4 South West
St Albans 6,Stevenage 3,14:30,Away,Division 5 South West
St Albans 7,Welwyn Garden City 2,16:30,Home,Division 5 South West
St Albans 8,Bishops Stortford 6,16:30,Home,Division 6 South West
St Albans 9,Harpenden 4,10:00,Away,Division 7 South West
St Albans Centurions,Indian Gymkhana Grandmasters,13:30,Home,South Masters Open - Men's O60 Premier
St Albans Centurions,Indian Gymkhana Grandmasters,13:30,Home,South Masters Men's O60 Premier
St Albans,University of Birmingham 2,14:00,Home,Men's Conference Midlands
